time_period,academic_year,YAG,sex,subject_name,grads,earnings_include,earnings_LQ,earnings_median,earnings_UQ,sust_emp_fs_or_both
202223,2011/2012,10 YAG,Female,"Agriculture, food and related studies",1480,1115,17900,26600,37600,88.2
202223,2011/2012,10 YAG,Female,Allied health,6770,4690,19700,30300,40500,86.3
202223,2011/2012,10 YAG,Female,"Architecture, building and planning",1805,1350,25600,38000,50700,87.1
202223,2011/2012,10 YAG,Female,Biosciences,4735,3450,24500,35400,47400,86.7
202223,2011/2012,10 YAG,Female,Business and management,16285,12045,23000,35000,50700,84.5
202223,2011/2012,10 YAG,Female,Celtic studies,15,10,c,c,c,96.2
202223,2011/2012,10 YAG,Female,Chemistry,1075,815,28800,39400,54000,87
202223,2011/2012,10 YAG,Female,Combined and general studies,3405,1965,15000,26600,39400,77.7
202223,2011/2012,10 YAG,Female,Computing,1655,1175,23000,35400,52600,81.1
202223,2011/2012,10 YAG,Female,Creative arts and design,14055,9995,16800,26600,37200,83.2
202223,2011/2012,10 YAG,Female,Economics,1390,1030,38700,61000,91200,85.3
202223,2011/2012,10 YAG,Female,Education and teaching,13090,10110,17200,26300,36100,86.7
202223,2011/2012,10 YAG,Female,Engineering,1435,1025,27400,42300,57700,85.2
202223,2011/2012,10 YAG,Female,English studies,8810,6490,21900,32100,43400,86.1
202223,2011/2012,10 YAG,Female,"General, applied and forensic sciences",1070,800,21900,29900,39800,86.8
202223,2011/2012,10 YAG,Female,"Geography, earth and environmental studies",3360,2565,25900,37200,51100,88
202223,2011/2012,10 YAG,Female,Health and social care,6315,4730,19000,29200,40200,87.9
202223,2011/2012,10 YAG,Female,History and archaeology,5870,4310,24500,35800,50000,86.4
202223,2011/2012,10 YAG,Female,Languages and area studies,4050,2700,24800,36500,51500,82.6
202223,2011/2012,10 YAG,Female,Law,7365,5590,25600,37600,55800,86.6
202223,2011/2012,10 YAG,Female,Materials and technology,485,340,22600,33900,46700,82.6
202223,2011/2012,10 YAG,Female,Mathematical sciences,2080,1580,31400,44500,66400,87.4
202223,2011/2012,10 YAG,Female,"Media, journalism and communications",4850,3675,21900,31400,43400,85.9
202223,2011/2012,10 YAG,Female,Medical sciences,1910,1380,26600,39400,50700,89
202223,2011/2012,10 YAG,Female,Medicine and dentistry,3995,2780,35800,51100,67900,90.2
202223,2011/2012,10 YAG,Female,Nursing and midwifery,11360,7740,24800,34700,43400,90.4
202223,2011/2012,10 YAG,Female,Performing arts,6465,4755,17500,27000,36900,87.8
202223,2011/2012,10 YAG,Female,"Pharmacology, toxicology and pharmacy",1560,1060,24500,38700,50400,85.8
202223,2011/2012,10 YAG,Female,Philosophy and religious studies,1815,1245,24100,34300,48200,83.4
202223,2011/2012,10 YAG,Female,Physics and astronomy,475,330,34700,44200,59500,85.5
202223,2011/2012,10 YAG,Female,Politics,1935,1325,28500,41600,60600,83.6
202223,2011/2012,10 YAG,Female,Psychology,9245,6650,20800,31000,41600,87.6
202223,2011/2012,10 YAG,Female,"Sociology, social policy and anthropology",7100,5210,20400,29900,40500,86.5
202223,2011/2012,10 YAG,Female,Sport and exercise sciences,2905,2290,21500,30700,40200,90.4
202223,2011/2012,10 YAG,Female,Total,160825,116780,21500,32500,44500,86.3
202223,2011/2012,10 YAG,Female,Veterinary sciences,610,450,25900,40200,52900,90.3
202223,2011/2012,10 YAG,Male,"Agriculture, food and related studies",685,485,24500,33600,47400,81.8
202223,2011/2012,10 YAG,Male,Allied health,2185,1470,28800,39800,52900,87.1
202223,2011/2012,10 YAG,Male,"Architecture, building and planning",5155,4025,33900,49600,70400,86.8
202223,2011/2012,10 YAG,Male,Biosciences,3420,2440,30300,41200,58000,85.7
202223,2011/2012,10 YAG,Male,Business and management,16085,11990,30300,44900,69400,84.2
202223,2011/2012,10 YAG,Male,Celtic studies,10,10,c,c,c,90.7
202223,2011/2012,10 YAG,Male,Chemistry,1500,1110,35000,46000,63100,86.2
202223,2011/2012,10 YAG,Male,Combined and general studies,2215,1305,24100,37200,55800,79.8
202223,2011/2012,10 YAG,Male,Computing,8410,6445,31400,46700,68600,84.7
202223,2011/2012,10 YAG,Male,Creative arts and design,7890,5710,21500,30700,43100,83.5
202223,2011/2012,10 YAG,Male,Economics,3490,2540,46400,72300,107300,83
202223,2011/2012,10 YAG,Male,Education and teaching,2050,1540,28100,36900,43800,86.3
202223,2011/2012,10 YAG,Male,Engineering,9675,7305,38300,51500,67200,86.4
202223,2011/2012,10 YAG,Male,English studies,3430,2380,25900,36100,49300,83.3
202223,2011/2012,10 YAG,Male,"General, applied and forensic sciences",775,585,28800,39100,51600,87.1
202223,2011/2012,10 YAG,Male,"Geography, earth and environmental studies",3680,2790,31000,42300,61300,87.6
202223,2011/2012,10 YAG,Male,Health and social care,975,685,25900,35800,44900,86.3
202223,2011/2012,10 YAG,Male,History and archaeology,5220,3800,28500,39400,59100,85.8
202223,2011/2012,10 YAG,Male,Languages and area studies,1865,1125,31400,45300,72300,77.5
202223,2011/2012,10 YAG,Male,Law,4210,3090,31000,46700,75900,84.9
202223,2011/2012,10 YAG,Male,Materials and technology,1415,1025,24500,35400,49300,85.5
202223,2011/2012,10 YAG,Male,Mathematical sciences,3080,2370,40000,56600,87200,86.5
202223,2011/2012,10 YAG,Male,"Media, journalism and communications",4210,3140,25200,34700,46700,85.1
202223,2011/2012,10 YAG,Male,Medical sciences,1040,705,38700,49300,65300,88.7
202223,2011/2012,10 YAG,Male,Medicine and dentistry,3100,1950,59100,72600,91100,88
202223,2011/2012,10 YAG,Male,Nursing and midwifery,995,640,33900,43600,53300,90.2
202223,2011/2012,10 YAG,Male,Performing arts,4615,3290,20900,29600,40900,87.1
202223,2011/2012,10 YAG,Male,"Pharmacology, toxicology and pharmacy",1030,715,29600,46400,59100,87.4
202223,2011/2012,10 YAG,Male,Philosophy and religious studies,1615,1025,27000,40500,64200,80.5
202223,2011/2012,10 YAG,Male,Physics and astronomy,1695,1195,38000,50000,73400,83.8
202223,2011/2012,10 YAG,Male,Politics,2840,1955,31400,45300,68300,83.7
202223,2011/2012,10 YAG,Male,Psychology,2070,1435,27000,37200,49600,86.1
202223,2011/2012,10 YAG,Male,"Sociology, social policy and anthropology",2495,1835,27000,36900,49600,86
202223,2011/2012,10 YAG,Male,Sport and exercise sciences,5160,3950,27700,36900,47400,88.4
202223,2011/2012,10 YAG,Male,Total,118420,86165,29200,42300,62800,85.2
202223,2011/2012,10 YAG,Male,Veterinary sciences,135,95,27900,48500,66900,87.9
202223,2011/2012,10 YAG,Total,"Agriculture, food and related studies",2165,1605,19700,29200,40800,86.2
202223,2011/2012,10 YAG,Total,Allied health,8960,6160,21200,32500,43100,86.5
202223,2011/2012,10 YAG,Total,"Architecture, building and planning",6960,5375,31400,45300,66400,86.9
202223,2011/2012,10 YAG,Total,Biosciences,8150,5890,26600,37600,51500,86.3
202223,2011/2012,10 YAG,Total,Business and management,32365,24035,26300,39400,59900,84.3
202223,2011/2012,10 YAG,Total,Celtic studies,25,20,23000,33400,44200,93.7
202223,2011/2012,10 YAG,Total,Chemistry,2570,1925,32500,42700,59100,86.5
202223,2011/2012,10 YAG,Total,Combined and general studies,5620,3270,17500,30700,44900,78.5
202223,2011/2012,10 YAG,Total,Computing,10070,7620,29600,44900,66400,84.1
202223,2011/2012,10 YAG,Total,Creative arts and design,21945,15705,18300,28100,39200,83.3
202223,2011/2012,10 YAG,Total,Economics,4880,3570,43800,68600,101800,83.7
202223,2011/2012,10 YAG,Total,Education and teaching,15140,11650,18200,27700,37200,86.6
202223,2011/2012,10 YAG,Total,Engineering,11110,8335,37000,50400,66100,86.2
202223,2011/2012,10 YAG,Total,English studies,12245,8870,23000,33200,44900,85.3
202223,2011/2012,10 YAG,Total,"General, applied and forensic sciences",1845,1385,24500,33200,44900,86.9
202223,2011/2012,10 YAG,Total,"Geography, earth and environmental studies",7045,5355,28800,39800,56600,87.8
202223,2011/2012,10 YAG,Total,Health and social care,7290,5415,19700,30300,40500,87.7
202223,2011/2012,10 YAG,Total,History and archaeology,11090,8110,26300,37600,54000,86.1
202223,2011/2012,10 YAG,Total,Languages and area studies,5915,3825,26300,38700,56600,81
202223,2011/2012,10 YAG,Total,Law,11575,8680,27400,40500,62400,86
202223,2011/2012,10 YAG,Total,Materials and technology,1900,1365,24100,35000,48500,84.8
202223,2011/2012,10 YAG,Total,Mathematical sciences,5160,3955,36300,51500,80700,86.9
202223,2011/2012,10 YAG,Total,"Media, journalism and communications",9060,6815,23400,32800,44900,85.5
202223,2011/2012,10 YAG,Total,Medical sciences,2950,2085,30300,42300,56200,88.9
202223,2011/2012,10 YAG,Total,Medicine and dentistry,7090,4735,41200,61000,77600,89.3
202223,2011/2012,10 YAG,Total,Nursing and midwifery,12355,8380,24900,35400,44200,90.4
202223,2011/2012,10 YAG,Total,Performing arts,11085,8045,19000,28100,38300,87.5
202223,2011/2012,10 YAG,Total,"Pharmacology, toxicology and pharmacy",2590,1770,25600,41600,53700,86.4
202223,2011/2012,10 YAG,Total,Philosophy and religious studies,3430,2270,25200,36900,53700,82
202223,2011/2012,10 YAG,Total,Physics and astronomy,2165,1530,37200,48500,70400,84.1
202223,2011/2012,10 YAG,Total,Politics,4775,3280,29900,43800,64600,83.7
202223,2011/2012,10 YAG,Total,Psychology,11315,8085,21900,32100,43100,87.4
202223,2011/2012,10 YAG,Total,"Sociology, social policy and anthropology",9595,7045,21900,31800,42700,86.4
202223,2011/2012,10 YAG,Total,Sport and exercise sciences,8065,6240,25200,34700,44500,89.1
202223,2011/2012,10 YAG,Total,Total,279245,202940,24100,36100,51500,85.8
202223,2011/2012,10 YAG,Total,Veterinary sciences,740,545,25900,41600,54800,89.8
202223,2016/2017,5 YAG,Female,"Agriculture, food and related studies",1675,1245,20400,25900,32500,90.4
202223,2016/2017,5 YAG,Female,Allied health,7235,4940,22600,31000,38000,90.7
202223,2016/2017,5 YAG,Female,"Architecture, building and planning",1350,875,25900,32500,43400,88.8
202223,2016/2017,5 YAG,Female,Biosciences,6185,4000,24100,30700,39100,90.8
202223,2016/2017,5 YAG,Female,Business and management,16980,12960,24100,31400,42300,87.1
202223,2016/2017,5 YAG,Female,Celtic studies,10,5,c,c,c,85.7
202223,2016/2017,5 YAG,Female,Chemistry,1380,955,28800,35800,45600,92.6
202223,2016/2017,5 YAG,Female,Combined and general studies,2865,1665,15000,25900,35800,80
202223,2016/2017,5 YAG,Female,Computing,1580,1180,24500,34300,48200,83.4
202223,2016/2017,5 YAG,Female,Creative arts and design,14005,10305,19000,25200,31800,85.4
202223,2016/2017,5 YAG,Female,Economics,1510,1145,35800,50000,65300,88.7
202223,2016/2017,5 YAG,Female,Education and teaching,13540,10595,19000,26900,33200,89.6
202223,2016/2017,5 YAG,Female,Engineering,1680,1240,31000,40200,50000,90.2
202223,2016/2017,5 YAG,Female,English studies,8645,6250,23000,28800,35400,88.2
202223,2016/2017,5 YAG,Female,"General, applied and forensic sciences",940,685,22300,28100,34700,89.5
202223,2016/2017,5 YAG,Female,"Geography, earth and environmental studies",3755,2865,27400,33200,41200,91.6
202223,2016/2017,5 YAG,Female,Health and social care,5485,3965,20100,27700,36500,90.4
202223,2016/2017,5 YAG,Female,History and archaeology,5875,4220,24500,30700,39400,89.7
202223,2016/2017,5 YAG,Female,Languages and area studies,3600,2410,26300,33200,43400,85.5
202223,2016/2017,5 YAG,Female,Law,7320,5485,24100,31400,43800,88.6
202223,2016/2017,5 YAG,Female,Materials and technology,315,215,23400,31000,42000,87.6
202223,2016/2017,5 YAG,Female,Mathematical sciences,2285,1715,31000,39400,52900,91.1
202223,2016/2017,5 YAG,Female,"Media, journalism and communications",4300,3315,22600,28100,34700,87.8
202223,2016/2017,5 YAG,Female,Medical sciences,2050,1290,29200,37200,45600,93.2
202223,2016/2017,5 YAG,Female,Medicine and dentistry,3780,2855,43400,51800,59900,93.2
202223,2016/2017,5 YAG,Female,Nursing and midwifery,18625,13065,25900,33600,40900,93.6
202223,2016/2017,5 YAG,Female,Performing arts,6905,5005,18200,24800,30800,88.7
202223,2016/2017,5 YAG,Female,"Pharmacology, toxicology and pharmacy",1710,920,26600,39100,46400,90.9
202223,2016/2017,5 YAG,Female,Philosophy and religious studies,1840,1250,24500,31000,39800,86.1
202223,2016/2017,5 YAG,Female,Physics and astronomy,610,385,32100,40900,54400,91.9
202223,2016/2017,5 YAG,Female,Politics,2325,1595,27700,35000,46700,86
202223,2016/2017,5 YAG,Female,Psychology,10965,7175,22300,27700,34300,89.5
202223,2016/2017,5 YAG,Female,"Sociology, social policy and anthropology",8410,5985,21500,27700,33900,88.7
202223,2016/2017,5 YAG,Female,Sport and exercise sciences,2875,2215,22300,28100,33200,92.5
202223,2016/2017,5 YAG,Female,Total,173330,124450,22600,29900,38700,89.2
202223,2016/2017,5 YAG,Female,Veterinary sciences,725,470,28800,39100,47100,94.5
202223,2016/2017,5 YAG,Male,"Agriculture, food and related studies",715,525,22600,29900,38300,86.8
202223,2016/2017,5 YAG,Male,Allied health,2715,1690,26300,34800,45000,90.1
202223,2016/2017,5 YAG,Male,"Architecture, building and planning",3260,2390,28800,39300,54000,88.7
202223,2016/2017,5 YAG,Male,Biosciences,4245,2680,25600,32100,43400,89
202223,2016/2017,5 YAG,Male,Business and management,18290,13845,26500,35400,50000,86.1
202223,2016/2017,5 YAG,Male,Celtic studies,0,0,c,c,c,c
202223,2016/2017,5 YAG,Male,Chemistry,1985,1310,28800,35400,46700,91.3
202223,2016/2017,5 YAG,Male,Combined and general studies,1655,950,23700,36900,54400,81.4
202223,2016/2017,5 YAG,Male,Computing,9980,7915,27700,38700,54800,86.9
202223,2016/2017,5 YAG,Male,Creative arts and design,7050,5195,20400,26600,34500,83.9
202223,2016/2017,5 YAG,Male,Economics,3965,3080,36200,50700,69000,88.8
202223,2016/2017,5 YAG,Male,Education and teaching,1950,1510,24100,31000,35400,90.7
202223,2016/2017,5 YAG,Male,Engineering,11330,8675,32800,42000,52900,89.4
202223,2016/2017,5 YAG,Male,English studies,2925,1980,21900,28500,37200,84.9
202223,2016/2017,5 YAG,Male,"General, applied and forensic sciences",630,440,24800,30300,39100,88.1
202223,2016/2017,5 YAG,Male,"Geography, earth and environmental studies",3705,2750,27400,33900,43800,89.5
202223,2016/2017,5 YAG,Male,Health and social care,645,465,23400,31800,39400,90.6
202223,2016/2017,5 YAG,Male,History and archaeology,5345,3755,24500,31400,42300,87.5
202223,2016/2017,5 YAG,Male,Languages and area studies,1685,1070,27000,36500,51100,81.8
202223,2016/2017,5 YAG,Male,Law,3945,2835,25600,34700,51100,86.5
202223,2016/2017,5 YAG,Male,Materials and technology,1180,830,22300,30700,41600,85.2
202223,2016/2017,5 YAG,Male,Mathematical sciences,3945,2875,32100,43400,59500,89.3
202223,2016/2017,5 YAG,Male,"Media, journalism and communications",3685,2810,21500,27000,33600,86.2
202223,2016/2017,5 YAG,Male,Medical sciences,1060,695,32800,41600,51100,91.3
202223,2016/2017,5 YAG,Male,Medicine and dentistry,3175,2315,48900,55500,64600,92.6
202223,2016/2017,5 YAG,Male,Nursing and midwifery,1765,1110,32500,39100,47100,92.6
202223,2016/2017,5 YAG,Male,Performing arts,5575,3990,17600,23800,30700,86.8
202223,2016/2017,5 YAG,Male,"Pharmacology, toxicology and pharmacy",1180,640,24200,39600,50000,88.9
202223,2016/2017,5 YAG,Male,Philosophy and religious studies,1635,1025,23700,31400,44200,82.2
202223,2016/2017,5 YAG,Male,Physics and astronomy,2450,1570,32500,42300,58800,88.8
202223,2016/2017,5 YAG,Male,Politics,2865,1980,27400,35500,50700,85.2
202223,2016/2017,5 YAG,Male,Psychology,2380,1565,23400,29600,38000,88.3
202223,2016/2017,5 YAG,Male,"Sociology, social policy and anthropology",2600,1885,23700,29900,38000,87.8
202223,2016/2017,5 YAG,Male,Sport and exercise sciences,6450,4840,23400,28500,35400,90.5
202223,2016/2017,5 YAG,Male,Total,126165,91325,25600,34300,48200,87.6
202223,2016/2017,5 YAG,Male,Veterinary sciences,200,120,31000,44900,56800,93.2
202223,2016/2017,5 YAG,Total,"Agriculture, food and related studies",2390,1770,21200,26600,34300,89.3
202223,2016/2017,5 YAG,Total,Allied health,9950,6635,23700,32100,39600,90.5
202223,2016/2017,5 YAG,Total,"Architecture, building and planning",4610,3260,28100,36900,51800,88.7
202223,2016/2017,5 YAG,Total,Biosciences,10430,6680,24800,31400,40200,90.1
202223,2016/2017,5 YAG,Total,Business and management,35265,26805,25200,33200,46400,86.6
202223,2016/2017,5 YAG,Total,Celtic studies,10,5,c,c,c,88.2
202223,2016/2017,5 YAG,Total,Chemistry,3365,2265,28800,35400,46700,91.9
202223,2016/2017,5 YAG,Total,Combined and general studies,4520,2620,17500,29200,42300,80.5
202223,2016/2017,5 YAG,Total,Computing,11560,9095,27400,38000,54000,86.4
202223,2016/2017,5 YAG,Total,Creative arts and design,21055,15500,19300,25600,32500,84.9
202223,2016/2017,5 YAG,Total,Economics,5480,4220,36100,50400,67500,88.8
202223,2016/2017,5 YAG,Total,Education and teaching,15485,12105,19700,27400,33600,89.7
202223,2016/2017,5 YAG,Total,Engineering,13010,9915,32500,41600,52600,89.5
202223,2016/2017,5 YAG,Total,English studies,11570,8230,22600,28800,35800,87.4
202223,2016/2017,5 YAG,Total,"General, applied and forensic sciences",1565,1125,23400,28800,36100,89
202223,2016/2017,5 YAG,Total,"Geography, earth and environmental studies",7460,5615,27400,33600,42700,90.6
202223,2016/2017,5 YAG,Total,Health and social care,6130,4430,20100,28100,36900,90.4
202223,2016/2017,5 YAG,Total,History and archaeology,11225,7975,24500,31000,40500,88.6
202223,2016/2017,5 YAG,Total,Languages and area studies,5285,3480,26600,33900,45300,84.4
202223,2016/2017,5 YAG,Total,Law,11270,8320,24500,32100,46000,87.9
202223,2016/2017,5 YAG,Total,Materials and technology,1495,1050,22600,30700,41600,85.7
202223,2016/2017,5 YAG,Total,Mathematical sciences,6230,4590,31400,41600,56900,89.9
202223,2016/2017,5 YAG,Total,"Media, journalism and communications",7985,6125,21900,27700,34300,87.1
202223,2016/2017,5 YAG,Total,Medical sciences,3110,1990,30300,38700,48200,92.6
202223,2016/2017,5 YAG,Total,Medicine and dentistry,6955,5170,46400,53300,61700,92.9
202223,2016/2017,5 YAG,Total,Nursing and midwifery,20390,14175,26300,34300,41200,93.5
202223,2016/2017,5 YAG,Total,Performing arts,12480,8995,17900,24500,30700,87.9
202223,2016/2017,5 YAG,Total,"Pharmacology, toxicology and pharmacy",2890,1560,25900,39100,47800,90.1
202223,2016/2017,5 YAG,Total,Philosophy and religious studies,3475,2275,24100,31300,41200,84.2
202223,2016/2017,5 YAG,Total,Physics and astronomy,3060,1960,32500,42000,58000,89.4
202223,2016/2017,5 YAG,Total,Politics,5190,3575,27400,35400,48900,85.6
202223,2016/2017,5 YAG,Total,Psychology,13340,8740,22300,28100,35000,89.3
202223,2016/2017,5 YAG,Total,"Sociology, social policy and anthropology",11010,7870,21900,28100,35000,88.5
202223,2016/2017,5 YAG,Total,Sport and exercise sciences,9325,7060,23000,28500,34700,91.1
202223,2016/2017,5 YAG,Total,Total,299490,215775,23700,31400,42300,88.6
202223,2016/2017,5 YAG,Total,Veterinary sciences,920,590,29200,40200,48900,94.2
202223,2018/2019,3 YAG,Female,"Agriculture, food and related studies",1660,1190,19800,24500,29600,90.9
202223,2018/2019,3 YAG,Female,Allied health,8190,5440,21900,29200,35000,91.9
202223,2018/2019,3 YAG,Female,"Architecture, building and planning",1665,880,24500,30300,39100,89
202223,2018/2019,3 YAG,Female,Biosciences,6790,4085,21900,27000,33200,91.2
202223,2018/2019,3 YAG,Female,Business and management,18105,13170,22300,27700,35400,86.8
202223,2018/2019,3 YAG,Female,Celtic studies,5,0,c,c,c,92
202223,2018/2019,3 YAG,Female,Chemistry,1495,945,26600,31800,39100,92.1
202223,2018/2019,3 YAG,Female,Combined and general studies,2075,1235,17500,25600,33200,82.8
202223,2018/2019,3 YAG,Female,Computing,1860,1370,23700,32100,44200,84
202223,2018/2019,3 YAG,Female,Creative arts and design,14165,10255,17500,23000,27400,85.3
202223,2018/2019,3 YAG,Female,Economics,1785,1225,28800,37200,49600,87.9
202223,2018/2019,3 YAG,Female,Education and teaching,12380,9490,19000,25600,29200,90.4
202223,2018/2019,3 YAG,Female,Engineering,2125,1550,28800,35000,43800,89.7
202223,2018/2019,3 YAG,Female,English studies,7975,5505,20800,25600,29900,89.8
202223,2018/2019,3 YAG,Female,"General, applied and forensic sciences",985,705,20400,25200,29900,90.4
202223,2018/2019,3 YAG,Female,"Geography, earth and environmental studies",3910,2820,24800,28800,34700,92.7
202223,2018/2019,3 YAG,Female,Health and social care,5430,3780,19300,26300,34300,91.1
202223,2018/2019,3 YAG,Female,History and archaeology,6005,4060,21900,26600,32100,90.4
202223,2018/2019,3 YAG,Female,Languages and area studies,3395,2135,24500,28800,35400,85.6
202223,2018/2019,3 YAG,Female,Law,8065,5415,21500,26300,33200,90.3
202223,2018/2019,3 YAG,Female,Materials and technology,245,165,23700,28500,36500,87.4
202223,2018/2019,3 YAG,Female,Mathematical sciences,2150,1445,27700,34700,42700,89.8
202223,2018/2019,3 YAG,Female,"Media, journalism and communications",4300,3270,20400,25200,29600,88.2
202223,2018/2019,3 YAG,Female,Medical sciences,2250,1365,27400,33600,40200,93.1
202223,2018/2019,3 YAG,Female,Medicine and dentistry,3890,2640,39400,48200,54400,93.7
202223,2018/2019,3 YAG,Female,Nursing and midwifery,17960,12740,26300,32800,39400,94.8
202223,2018/2019,3 YAG,Female,Performing arts,7045,4890,16200,21900,27400,89.3
202223,2018/2019,3 YAG,Female,"Pharmacology, toxicology and pharmacy",1685,795,24100,35400,43400,90.4
202223,2018/2019,3 YAG,Female,Philosophy and religious studies,1950,1265,21900,27000,32800,87.4
202223,2018/2019,3 YAG,Female,Physics and astronomy,695,355,27700,35000,45300,90.6
202223,2018/2019,3 YAG,Female,Politics,2850,1915,24500,29600,36900,87.9
202223,2018/2019,3 YAG,Female,Psychology,11990,7445,20400,25200,29600,91.3
202223,2018/2019,3 YAG,Female,"Sociology, social policy and anthropology",9585,6490,20800,25600,30700,89.8
202223,2018/2019,3 YAG,Female,Sport and exercise sciences,3090,2105,20800,25600,28800,92.9
202223,2018/2019,3 YAG,Female,Total,178675,122790,21500,27400,33900,89.9
202223,2018/2019,3 YAG,Female,Veterinary sciences,925,655,28500,36500,41600,92.9
202223,2018/2019,3 YAG,Male,"Agriculture, food and related studies",680,430,22300,27400,33600,83.5
202223,2018/2019,3 YAG,Male,Allied health,2940,1840,25600,31800,40500,91.6
202223,2018/2019,3 YAG,Male,"Architecture, building and planning",3620,2380,27400,36100,48500,89.7
202223,2018/2019,3 YAG,Male,Biosciences,4135,2450,22300,27400,34300,88.5
202223,2018/2019,3 YAG,Male,Business and management,19480,13940,23400,29600,39800,85.7
202223,2018/2019,3 YAG,Male,Celtic studies,5,0,c,c,c,100
202223,2018/2019,3 YAG,Male,Chemistry,2015,1220,25900,31000,39400,92.1
202223,2018/2019,3 YAG,Male,Combined and general studies,1105,630,22300,31400,44900,84
202223,2018/2019,3 YAG,Male,Computing,10715,8160,24800,32800,44900,85.3
202223,2018/2019,3 YAG,Male,Creative arts and design,6905,4875,17900,23700,29600,81.8
202223,2018/2019,3 YAG,Male,Economics,4575,3115,29200,37600,50400,87.5
202223,2018/2019,3 YAG,Male,Education and teaching,1525,1155,22600,27400,30700,90.3
202223,2018/2019,3 YAG,Male,Engineering,12235,9080,28800,35800,44500,88.2
202223,2018/2019,3 YAG,Male,English studies,2400,1570,19700,25200,30700,84.9
202223,2018/2019,3 YAG,Male,"General, applied and forensic sciences",540,350,21900,27000,34200,90.2
202223,2018/2019,3 YAG,Male,"Geography, earth and environmental studies",3505,2505,24100,28500,35000,89.5
202223,2018/2019,3 YAG,Male,Health and social care,610,435,22600,31000,38000,93.5
202223,2018/2019,3 YAG,Male,History and archaeology,4905,3180,21900,27000,33900,87.6
202223,2018/2019,3 YAG,Male,Languages and area studies,1545,940,24500,30300,39800,82.2
202223,2018/2019,3 YAG,Male,Law,3945,2570,22300,28100,37100,87.6
202223,2018/2019,3 YAG,Male,Materials and technology,860,595,21900,29200,38300,88.3
202223,2018/2019,3 YAG,Male,Mathematical sciences,3930,2600,27400,35000,46700,88.2
202223,2018/2019,3 YAG,Male,"Media, journalism and communications",3780,2810,19000,23700,29200,84.8
202223,2018/2019,3 YAG,Male,Medical sciences,930,600,29600,36500,44200,91.7
202223,2018/2019,3 YAG,Male,Medicine and dentistry,3165,2120,43800,51100,60200,93.5
202223,2018/2019,3 YAG,Male,Nursing and midwifery,1820,1220,30300,37200,46000,93.1
202223,2018/2019,3 YAG,Male,Performing arts,5595,3845,15100,21200,26600,86.5
202223,2018/2019,3 YAG,Male,"Pharmacology, toxicology and pharmacy",975,510,17800,31400,43800,87.4
202223,2018/2019,3 YAG,Male,Philosophy and religious studies,1585,930,21500,28100,36100,83.7
202223,2018/2019,3 YAG,Male,Physics and astronomy,2340,1330,28000,35400,46000,89.5
202223,2018/2019,3 YAG,Male,Politics,3255,2140,24100,29900,38300,86.1
202223,2018/2019,3 YAG,Male,Psychology,2360,1480,20400,25600,31000,88.3
202223,2018/2019,3 YAG,Male,"Sociology, social policy and anthropology",2575,1685,21900,26600,32800,87.9
202223,2018/2019,3 YAG,Male,Sport and exercise sciences,5735,3980,20600,25200,29900,91
202223,2018/2019,3 YAG,Male,Total,126500,86810,23000,29600,39800,87.3
202223,2018/2019,3 YAG,Male,Veterinary sciences,210,130,29600,38000,45300,92.7
202223,2018/2019,3 YAG,Total,"Agriculture, food and related studies",2345,1625,20400,25200,30700,88.8
202223,2018/2019,3 YAG,Total,Allied health,11130,7280,23000,29900,36100,91.9
202223,2018/2019,3 YAG,Total,"Architecture, building and planning",5285,3255,26300,34300,46000,89.5
202223,2018/2019,3 YAG,Total,Biosciences,10925,6540,22300,27400,33600,90.1
202223,2018/2019,3 YAG,Total,Business and management,37580,27115,23000,28500,37600,86.2
202223,2018/2019,3 YAG,Total,Celtic studies,10,5,c,c,c,94.6
202223,2018/2019,3 YAG,Total,Chemistry,3510,2160,26300,31400,39400,92.1
202223,2018/2019,3 YAG,Total,Combined and general studies,3180,1865,19000,27000,36100,83.2
202223,2018/2019,3 YAG,Total,Computing,12575,9530,24800,32800,44500,85.1
202223,2018/2019,3 YAG,Total,Creative arts and design,21070,15130,17500,23000,28100,84.1
202223,2018/2019,3 YAG,Total,Economics,6360,4340,29200,37600,50000,87.6
202223,2018/2019,3 YAG,Total,Education and teaching,13905,10645,19300,25600,29200,90.4
202223,2018/2019,3 YAG,Total,Engineering,14360,10630,28800,35800,44500,88.4
202223,2018/2019,3 YAG,Total,English studies,10375,7075,20400,25600,30100,88.6
202223,2018/2019,3 YAG,Total,"General, applied and forensic sciences",1525,1060,20800,25600,31000,90.3
202223,2018/2019,3 YAG,Total,"Geography, earth and environmental studies",7415,5320,24500,28800,35000,91.2
202223,2018/2019,3 YAG,Total,Health and social care,6040,4215,19700,26900,34700,91.3
202223,2018/2019,3 YAG,Total,History and archaeology,10910,7235,21900,26600,32800,89.1
202223,2018/2019,3 YAG,Total,Languages and area studies,4935,3075,24500,29200,36600,84.6
202223,2018/2019,3 YAG,Total,Law,12010,7985,21900,27000,34300,89.4
202223,2018/2019,3 YAG,Total,Materials and technology,1100,760,22300,29200,38000,88.1
202223,2018/2019,3 YAG,Total,Mathematical sciences,6085,4045,27400,35000,44900,88.8
202223,2018/2019,3 YAG,Total,"Media, journalism and communications",8080,6080,19800,24500,29600,86.6
202223,2018/2019,3 YAG,Total,Medical sciences,3180,1960,28100,34700,41200,92.7
202223,2018/2019,3 YAG,Total,Medicine and dentistry,7055,4760,41200,49600,56900,93.6
202223,2018/2019,3 YAG,Total,Nursing and midwifery,19785,13960,26600,33200,39800,94.6
202223,2018/2019,3 YAG,Total,Performing arts,12640,8735,15700,21500,27000,88
202223,2018/2019,3 YAG,Total,"Pharmacology, toxicology and pharmacy",2660,1305,22200,33900,43500,89.3
202223,2018/2019,3 YAG,Total,Philosophy and religious studies,3540,2195,21900,27400,34300,85.7
202223,2018/2019,3 YAG,Total,Physics and astronomy,3035,1685,27700,35400,45600,89.8
202223,2018/2019,3 YAG,Total,Politics,6100,4055,24100,29600,38000,86.9
202223,2018/2019,3 YAG,Total,Psychology,14345,8925,20400,25200,29900,90.8
202223,2018/2019,3 YAG,Total,"Sociology, social policy and anthropology",12155,8175,20800,25600,31000,89.4
202223,2018/2019,3 YAG,Total,Sport and exercise sciences,8830,6085,20800,25200,29600,91.7
202223,2018/2019,3 YAG,Total,Total,305175,209600,21900,28100,36100,88.9
202223,2018/2019,3 YAG,Total,Veterinary sciences,1135,785,28500,36900,42300,92.9
202223,2020/2021,1 YAG,Female,"Agriculture, food and related studies",1550,1015,17200,20800,24800,91.1
202223,2020/2021,1 YAG,Female,Allied health,6475,4840,21500,25600,30300,93
202223,2020/2021,1 YAG,Female,"Architecture, building and planning",1845,1060,20800,25600,32300,89.3
202223,2020/2021,1 YAG,Female,Biosciences,5325,2480,18200,23000,27700,90.5
202223,2020/2021,1 YAG,Female,Business and management,19820,12940,20400,24800,30700,88.5
202223,2020/2021,1 YAG,Female,Celtic studies,5,0,c,c,c,88.8
202223,2020/2021,1 YAG,Female,Chemistry,1430,770,22600,26600,31400,94.3
202223,2020/2021,1 YAG,Female,Combined and general studies,3015,1610,15000,22600,28500,86.2
202223,2020/2021,1 YAG,Female,Computing,2105,1385,20800,27700,37200,86.9
202223,2020/2021,1 YAG,Female,Creative arts and design,14055,9450,15000,20100,23700,84.9
202223,2020/2021,1 YAG,Female,Economics,2065,1190,24100,31000,39400,91.3
202223,2020/2021,1 YAG,Female,Education and teaching,10665,7025,16800,23000,25600,93
202223,2020/2021,1 YAG,Female,Engineering,2540,1695,25900,30700,35800,91.5
202223,2020/2021,1 YAG,Female,English studies,7610,3660,16400,21500,25900,89.5
202223,2020/2021,1 YAG,Female,"General, applied and forensic sciences",1315,770,18600,22300,26600,91.5
202223,2020/2021,1 YAG,Female,"Geography, earth and environmental studies",3765,1885,20100,24500,28500,91.5
202223,2020/2021,1 YAG,Female,Health and social care,7930,4945,16800,23000,31000,91.2
202223,2020/2021,1 YAG,Female,History and archaeology,5625,2500,17200,22600,27400,91.4
202223,2020/2021,1 YAG,Female,Languages and area studies,3170,1535,20100,24800,29600,87.3
202223,2020/2021,1 YAG,Female,Law,9575,3925,19000,22600,27400,92.4
202223,2020/2021,1 YAG,Female,Materials and technology,275,150,19700,25200,30300,90.8
202223,2020/2021,1 YAG,Female,Mathematical sciences,2245,1215,22300,28100,33600,92.2
202223,2020/2021,1 YAG,Female,"Media, journalism and communications",3415,2190,17500,21500,25200,86.5
202223,2020/2021,1 YAG,Female,Medical sciences,5425,2800,20800,25900,31400,92.6
202223,2020/2021,1 YAG,Female,Medicine and dentistry,4090,2860,36900,39800,42700,97.7
202223,2020/2021,1 YAG,Female,Nursing and midwifery,15475,12515,27000,31000,36500,95.5
202223,2020/2021,1 YAG,Female,Performing arts,6810,4070,12800,18200,23000,88.6
202223,2020/2021,1 YAG,Female,"Pharmacology, toxicology and pharmacy",1715,900,20100,27700,32500,83.9
202223,2020/2021,1 YAG,Female,Philosophy and religious studies,1655,730,17500,22600,27700,88.6
202223,2020/2021,1 YAG,Female,Physics and astronomy,740,315,23700,29200,35000,90.2
202223,2020/2021,1 YAG,Female,Politics,3210,1620,20400,25200,30300,90
202223,2020/2021,1 YAG,Female,Psychology,13510,6635,16800,21500,25900,91.3
202223,2020/2021,1 YAG,Female,"Sociology, social policy and anthropology",9955,5620,17500,21900,25900,90
202223,2020/2021,1 YAG,Female,Sport and exercise sciences,2950,1410,16100,20400,24800,94.5
202223,2020/2021,1 YAG,Female,Total,182325,108430,18600,24500,30300,90.7
202223,2020/2021,1 YAG,Female,Veterinary sciences,965,720,26300,32800,35800,95.9
202223,2020/2021,1 YAG,Male,"Agriculture, food and related studies",520,345,19700,25200,29900,86.9
202223,2020/2021,1 YAG,Male,Allied health,2185,1635,24100,27800,34700,93.6
202223,2020/2021,1 YAG,Male,"Architecture, building and planning",4110,2870,23700,29900,40500,90.6
202223,2020/2021,1 YAG,Male,Biosciences,3130,1485,18200,23000,28500,88.7
202223,2020/2021,1 YAG,Male,Business and management,21835,13795,20800,25900,33200,86.6
202223,2020/2021,1 YAG,Male,Celtic studies,5,0,c,c,c,89.1
202223,2020/2021,1 YAG,Male,Chemistry,1740,910,21900,26300,31000,90.3
202223,2020/2021,1 YAG,Male,Combined and general studies,1335,700,20400,27700,39800,84.2
202223,2020/2021,1 YAG,Male,Computing,11735,8225,22300,28500,36900,85.7
202223,2020/2021,1 YAG,Male,Creative arts and design,7085,4695,15000,20800,24800,81.7
202223,2020/2021,1 YAG,Male,Economics,5490,3005,23700,29600,37600,88.8
202223,2020/2021,1 YAG,Male,Education and teaching,1280,845,18600,24100,26300,92.5
202223,2020/2021,1 YAG,Male,Engineering,13115,9230,25600,30300,37200,90.6
202223,2020/2021,1 YAG,Male,English studies,2195,1000,15300,21500,26600,85.9
202223,2020/2021,1 YAG,Male,"General, applied and forensic sciences",775,425,18600,23400,29900,88.6
202223,2020/2021,1 YAG,Male,"Geography, earth and environmental studies",2975,1540,19700,24500,29900,90.9
202223,2020/2021,1 YAG,Male,Health and social care,765,445,21500,29600,34700,92.9
202223,2020/2021,1 YAG,Male,History and archaeology,4565,1940,18200,23000,28500,88.6
202223,2020/2021,1 YAG,Male,Languages and area studies,1455,695,19700,25600,32500,83.9
202223,2020/2021,1 YAG,Male,Law,4640,1920,19000,23400,29200,89.6
202223,2020/2021,1 YAG,Male,Materials and technology,745,485,19000,25900,31800,89.4
202223,2020/2021,1 YAG,Male,Mathematical sciences,4255,2210,23000,28800,35800,88.5
202223,2020/2021,1 YAG,Male,"Media, journalism and communications",2760,1800,16400,20800,24800,85.6
202223,2020/2021,1 YAG,Male,Medical sciences,2385,1165,20100,25600,32100,90.4
202223,2020/2021,1 YAG,Male,Medicine and dentistry,2985,2100,37900,40900,44900,97.3
202223,2020/2021,1 YAG,Male,Nursing and midwifery,1470,1135,28800,33900,43100,93.6
202223,2020/2021,1 YAG,Male,Performing arts,4965,2920,13100,18600,23400,85.2
202223,2020/2021,1 YAG,Male,"Pharmacology, toxicology and pharmacy",900,455,17200,26300,33200,80.9
202223,2020/2021,1 YAG,Male,Philosophy and religious studies,1460,605,17900,23700,30700,85.1
202223,2020/2021,1 YAG,Male,Physics and astronomy,2345,1140,23400,29200,34700,88.5
202223,2020/2021,1 YAG,Male,Politics,3445,1605,20400,25600,31800,86.7
202223,2020/2021,1 YAG,Male,Psychology,2710,1305,17200,22300,26600,88.6
202223,2020/2021,1 YAG,Male,"Sociology, social policy and anthropology",2515,1375,17500,22600,27400,88.1
202223,2020/2021,1 YAG,Male,Sport and exercise sciences,5410,3005,16100,20800,25200,90.5
202223,2020/2021,1 YAG,Male,Total,129475,77150,20100,25900,33600,88
202223,2020/2021,1 YAG,Male,Veterinary sciences,190,135,31800,34300,37600,95.9
202223,2020/2021,1 YAG,Total,"Agriculture, food and related studies",2070,1360,17900,21900,26300,90
202223,2020/2021,1 YAG,Total,Allied health,8665,6475,21900,26300,31400,93.1
202223,2020/2021,1 YAG,Total,"Architecture, building and planning",5950,3930,23000,28800,38300,90.2
202223,2020/2021,1 YAG,Total,Biosciences,8450,3970,18200,23000,27700,89.8
202223,2020/2021,1 YAG,Total,Business and management,41655,26735,20600,25200,31800,87.5
202223,2020/2021,1 YAG,Total,Celtic studies,5,5,c,c,c,88.9
202223,2020/2021,1 YAG,Total,Chemistry,3170,1680,22300,26300,31000,92.1
202223,2020/2021,1 YAG,Total,Combined and general studies,4350,2305,16100,24100,31000,85.6
202223,2020/2021,1 YAG,Total,Computing,13840,9610,21900,28100,36900,85.9
202223,2020/2021,1 YAG,Total,Creative arts and design,21140,14150,15000,20400,24100,83.8
202223,2020/2021,1 YAG,Total,Economics,7555,4195,23700,29600,38000,89.5
202223,2020/2021,1 YAG,Total,Education and teaching,11945,7870,17200,23000,25900,93
202223,2020/2021,1 YAG,Total,Engineering,15655,10925,25700,30300,36900,90.7
202223,2020/2021,1 YAG,Total,English studies,9805,4660,16400,21500,25900,88.7
202223,2020/2021,1 YAG,Total,"General, applied and forensic sciences",2090,1190,18600,22600,27700,90.4
202223,2020/2021,1 YAG,Total,"Geography, earth and environmental studies",6740,3425,20100,24500,29200,91.3
202223,2020/2021,1 YAG,Total,Health and social care,8695,5390,16800,23400,31000,91.3
202223,2020/2021,1 YAG,Total,History and archaeology,10190,4440,17500,22600,27700,90.1
202223,2020/2021,1 YAG,Total,Languages and area studies,4625,2235,20000,25200,30300,86.3
202223,2020/2021,1 YAG,Total,Law,14215,5840,19000,23000,27700,91.5
202223,2020/2021,1 YAG,Total,Materials and technology,1020,635,19300,25600,31800,89.8
202223,2020/2021,1 YAG,Total,Mathematical sciences,6500,3425,22900,28500,35000,89.8
202223,2020/2021,1 YAG,Total,"Media, journalism and communications",6175,3990,16800,21200,25200,86.1
202223,2020/2021,1 YAG,Total,Medical sciences,7815,3960,20400,25900,31400,91.9
202223,2020/2021,1 YAG,Total,Medicine and dentistry,7075,4960,37200,40200,43800,97.6
202223,2020/2021,1 YAG,Total,Nursing and midwifery,16945,13650,27000,31400,37000,95.4
202223,2020/2021,1 YAG,Total,Performing arts,11775,6990,12800,18200,23000,87.2
202223,2020/2021,1 YAG,Total,"Pharmacology, toxicology and pharmacy",2615,1355,19000,27400,32800,82.9
202223,2020/2021,1 YAG,Total,Philosophy and religious studies,3115,1335,17500,23000,29200,86.9
202223,2020/2021,1 YAG,Total,Physics and astronomy,3085,1460,23400,29200,34700,88.9
202223,2020/2021,1 YAG,Total,Politics,6660,3225,20400,25600,31000,88.3
202223,2020/2021,1 YAG,Total,Psychology,16215,7940,16800,21500,25900,90.8
202223,2020/2021,1 YAG,Total,"Sociology, social policy and anthropology",12470,6995,17500,21900,26300,89.6
202223,2020/2021,1 YAG,Total,Sport and exercise sciences,8360,4410,16100,20800,25200,91.9
202223,2020/2021,1 YAG,Total,Total,311795,185580,19300,24800,31400,89.6
202223,2020/2021,1 YAG,Total,Veterinary sciences,1155,855,27700,32800,35800,95.9
